CAL_YEAR_MONTH,VKORG,VTWEG,SPART,MATNR,KUNNR,REGION,REVENUE,QUANTITY,RETURNS_QTY,RETURNS_VALUE,COGS,GROSS_MARGIN,DISCOUNT_AMT,NUM_ORDERS
202404,1000,10,00,MAT-00110,CUST-0002,Central,45454.3,16,1,2840.89,33138.36,12315.94,2068.94,19
202311,1000,10,10,MAT-00028,CUST-0042,West,975917.0,438,41,91352.96,548315.35,427601.65,40985.39,1
202408,1000,10,10,MAT-00019,CUST-0017,East,79131.17,214,0,0.0,50724.1,28407.07,11304.98,16
202312,1000,10,00,MAT-00093,CUST-0016,East,1248508.31,598,36,75161.04,664131.97,584376.34,4224.76,16
202305,1000,10,00,MAT-00051,CUST-0044,East,64383.73,43,0,0.0,45012.94,19370.79,3983.01,19
202303,1000,20,20,MAT-00037,CUST-0047,East,23072.47,278,7,580.96,12265.07,10807.4,3017.85,15
202301,1000,20,20,MAT-00090,CUST-0032,Central,45934.37,53,3,2600.06,21888.87,24045.5,2530.73,18
202311,2000,20,20,MAT-00071,CUST-0035,West,441696.57,360,22,26992.57,275646.72,166049.85,24653.95,10
202310,2000,20,10,MAT-00056,CUST-0006,Central,145737.21,145,12,12061.01,81263.16,64474.05,10199.17,18
202311,1000,20,20,MAT-00118,CUST-0056,South,275459.63,153,5,9001.95,168598.73,106860.9,34377.9,19
202309,1000,20,00,MAT-00106,CUST-0027,South,847733.03,518,16,26184.8,513616.57,334116.46,73176.05,18
202311,1000,20,10,MAT-00015,CUST-0021,Central,638498.77,387,25,41246.69,362978.99,275519.78,62913.7,8
202411,2000,10,00,MAT-00082,CUST-0042,East,423834.4,197,3,6454.33,304294.05,119540.35,61622.16,16
202310,1000,20,00,MAT-00097,CUST-0026,East,357075.33,219,0,0.0,171030.57,186044.76,43625.38,1
202302,2000,10,00,MAT-00024,CUST-0053,Central,16410.84,78,5,1051.98,9613.14,6797.7,292.82,13
202301,2000,20,10,MAT-00048,CUST-0014,East,943197.46,494,2,3818.61,592328.81,350868.65,96081.27,16
202409,2000,10,10,MAT-00090,CUST-0031,South,897706.2,397,37,83665.31,611280.66,286425.54,56919.29,20
202411,2000,10,10,MAT-00005,CUST-0032,Central,132977.6,93,1,1429.87,81531.29,51446.31,1654.87,15
202501,2000,10,20,MAT-00061,CUST-0003,East,1330220.22,570,26,60676.71,939657.8,390562.42,43209.95,4
202301,1000,10,20,MAT-00057,CUST-0005,East,398277.02,479,34,28270.19,246738.58,151538.44,47871.37,2
202405,1000,20,00,MAT-00116,CUST-0029,East,22067.77,171,4,516.21,13910.11,8157.66,1412.55,3
202401,2000,20,00,MAT-00001,CUST-0025,Central,429137.73,185,10,23196.63,198760.46,230377.27,11759.09,19
202508,1000,20,20,MAT-00117,CUST-0008,West,59487.52,147,0,0.0,44237.24,15250.28,5400.33,15
202508,2000,20,00,MAT-00091,CUST-0034,South,728912.41,382,17,32438.51,351261.75,377650.66,51788.28,14
202512,2000,10,00,MAT-00012,CUST-0017,South,530207.34,371,8,11433.04,319255.9,210951.44,19344.51,4
202302,1000,10,20,MAT-00024,CUST-0043,West,635186.63,564,50,56310.87,335951.48,299235.15,6366.37,6
202503,1000,10,00,MAT-00026,CUST-0010,East,17604.92,405,7,304.28,8239.07,9365.85,2081.13,17
202406,1000,20,00,MAT-00041,CUST-0059,West,1193209.16,496,30,72169.91,604479.88,588729.28,84973.12,7
202307,1000,20,20,MAT-00082,CUST-0041,East,34409.46,77,1,446.88,16794.8,17614.66,2631.64,16
202509,1000,10,00,MAT-00081,CUST-0049,East,1055043.59,375,27,75963.14,736834.73,318208.86,64314.11,2
202409,2000,10,00,MAT-00086,CUST-0047,South,548769.63,405,8,10839.89,384639.07,164130.56,18498.01,16
202509,2000,10,00,MAT-00077,CUST-0034,East,105615.67,81,1,1303.9,48506.55,57109.12,1050.89,5
202303,2000,20,10,MAT-00036,CUST-0030,Central,324779.32,354,19,17431.66,198306.12,126473.2,15934.7,16
202509,2000,20,20,MAT-00076,CUST-0045,Central,248894.17,592,21,8829.02,137171.2,111722.97,25813.71,18
202510,1000,20,20,MAT-00035,CUST-0060,East,536207.13,300,10,17873.57,277944.4,258262.73,74545.11,8
202401,2000,20,00,MAT-00106,CUST-0022,East,359024.79,426,12,10113.37,225944.41,133080.38,36065.01,20
202309,2000,10,20,MAT-00088,CUST-0024,Central,553993.36,571,11,10672.38,381928.11,172065.25,48342.76,4
202407,1000,10,20,MAT-00102,CUST-0041,South,511285.84,192,12,31955.36,354256.28,157029.56,28759.72,16
202406,2000,20,00,MAT-00033,CUST-0039,West,382783.63,132,0,0.0,265626.71,117156.92,56491.26,3
202401,2000,20,10,MAT-00120,CUST-0036,Central,443014.28,288,13,19997.17,255241.77,187772.51,17656.41,16
202307,2000,20,10,MAT-00041,CUST-0008,West,141750.89,130,13,14175.09,97863.39,43887.5,1158.86,3
202406,1000,20,00,MAT-00101,CUST-0007,South,272711.63,438,0,0.0,195641.54,77070.09,23176.43,4
202410,2000,20,10,MAT-00031,CUST-0015,West,1329763.17,589,15,33864.94,968540.27,361222.9,70520.95,5
202302,2000,10,00,MAT-00104,CUST-0053,East,1035674.36,559,47,87078.17,762610.52,273063.84,14164.57,20
202406,2000,10,00,MAT-00032,CUST-0055,East,348749.04,252,7,9687.47,174267.37,174481.67,9078.45,9
202307,1000,10,20,MAT-00040,CUST-0028,Central,537613.59,400,26,34944.88,279373.17,258240.42,68326.56,15
202505,1000,20,20,MAT-00097,CUST-0025,West,176403.81,283,28,17453.38,115014.11,61389.7,11554.02,17
202410,2000,10,10,MAT-00065,CUST-0040,East,833383.49,457,38,69296.66,468268.45,365115.04,87937.34,13
202311,2000,10,00,MAT-00041,CUST-0023,East,556241.87,259,15,32214.78,400235.93,156005.94,31659.4,1
202404,1000,20,20,MAT-00103,CUST-0002,East,388418.01,358,28,30379.06,177176.19,211241.82,25419.54,14
202306,2000,20,10,MAT-00030,CUST-0018,East,390458.68,271,20,28816.14,195448.97,195009.71,49997.08,17
202510,1000,10,10,MAT-00047,CUST-0004,Central,206051.53,97,8,16993.94,102536.62,103514.91,19022.16,2
202405,1000,20,10,MAT-00020,CUST-0019,West,380082.62,451,19,16012.35,275479.65,104602.97,13060.89,6
202510,1000,10,00,MAT-00080,CUST-0004,Central,161291.61,185,5,4359.23,95335.36,65956.25,10240.34,8
202302,1000,10,00,MAT-00099,CUST-0007,East,302025.84,188,11,17671.72,206500.44,95525.4,25072.92,6
202310,1000,10,00,MAT-00042,CUST-0055,West,437123.29,283,1,1544.61,199422.37,237700.92,33079.94,13
202309,1000,10,10,MAT-00020,CUST-0055,West,657550.7,381,11,18984.4,350989.46,306561.24,24242.8,4
202404,1000,10,00,MAT-00049,CUST-0009,West,757501.75,476,35,55698.66,452218.66,305283.09,85702.82,18
202502,2000,20,20,MAT-00074,CUST-0046,South,945841.16,419,32,72236.08,574164.48,371676.68,57839.84,16
202309,1000,10,00,MAT-00077,CUST-0024,South,223508.63,123,5,9085.72,128232.24,95276.39,12604.02,1
202409,2000,10,00,MAT-00028,CUST-0028,Central,210074.89,155,4,5421.29,131744.05,78330.84,23909.34,10
202502,1000,10,00,MAT-00116,CUST-0015,South,385415.91,263,6,8792.76,227358.66,158057.25,26894.59,15
202309,2000,10,00,MAT-00019,CUST-0058,Central,96476.41,108,6,5359.8,44951.81,51524.6,6730.52,14
202305,2000,20,20,MAT-00071,CUST-0031,West,105231.76,495,32,6802.86,57818.09,47413.67,4898.67,6
202301,1000,10,20,MAT-00092,CUST-0036,East,46002.75,30,3,4600.28,29405.07,16597.68,2561.89,13
202410,2000,20,20,MAT-00042,CUST-0019,East,940377.89,534,27,47547.2,672426.53,267951.36,106990.43,17
202303,1000,10,10,MAT-00043,CUST-0043,Central,122435.35,278,19,8367.88,83088.62,39346.73,3605.74,13
202406,2000,10,00,MAT-00006,CUST-0020,West,83406.49,141,13,7689.96,51777.79,31628.7,5224.45,5
202504,2000,10,00,MAT-00009,CUST-0011,South,602905.83,276,5,10922.21,413655.89,189249.94,19814.0,16
202308,1000,20,10,MAT-00079,CUST-0047,South,1390712.57,485,47,134770.08,733496.59,657215.98,116521.25,11
202409,1000,20,20,MAT-00100,CUST-0058,West,35296.6,27,1,1307.28,18765.67,16530.93,4976.5,16
202502,1000,20,10,MAT-00014,CUST-0053,West,590659.59,233,14,35490.28,304594.74,286064.85,84716.25,5
202307,2000,20,20,MAT-00052,CUST-0027,Central,78551.23,311,4,1010.31,39176.14,39375.09,5669.52,11
202304,2000,20,10,MAT-00020,CUST-0027,East,36288.71,36,3,3024.06,20362.1,15926.61,1676.58,16
202502,1000,20,10,MAT-00109,CUST-0016,East,175590.28,173,2,2029.95,110515.58,65074.7,15630.5,4
202306,1000,10,00,MAT-00070,CUST-0028,East,277574.12,99,2,5607.56,190992.32,86581.8,29036.34,2
202301,2000,10,00,MAT-00018,CUST-0019,South,774984.07,380,36,73419.54,562192.87,212791.2,81371.51,3
202303,1000,20,10,MAT-00013,CUST-0003,South,263855.82,89,3,8894.02,167366.12,96489.7,32510.85,6
202502,2000,10,10,MAT-00076,CUST-0019,Central,121812.87,543,29,6505.66,77207.57,44605.3,2532.78,20
202405,1000,10,10,MAT-00078,CUST-0015,Central,43891.12,37,3,3558.74,24210.22,19680.9,1071.86,15
202411,2000,20,20,MAT-00091,CUST-0053,East,584283.34,245,6,14308.98,411415.43,172867.91,58392.29,8
202506,1000,10,00,MAT-00011,CUST-0004,Central,56445.39,125,11,4967.19,42304.0,14141.39,1067.75,3
202407,2000,20,20,MAT-00031,CUST-0046,East,159690.83,424,35,13182.03,102728.04,56962.79,22578.18,19
202408,1000,20,20,MAT-00005,CUST-0024,West,209403.02,201,8,8334.45,97304.07,112098.95,26420.0,13
202312,2000,20,20,MAT-00051,CUST-0051,Central,455058.45,336,27,36567.2,316144.74,138913.71,50871.98,11
202312,1000,10,10,MAT-00054,CUST-0006,East,157198.51,347,31,14043.67,112438.71,44759.8,5659.7,9
202401,1000,20,00,MAT-00099,CUST-0001,Central,855334.07,356,30,72078.71,480618.34,374715.73,351.2,17
202401,1000,10,10,MAT-00088,CUST-0043,South,432009.1,522,37,30621.33,245038.61,186970.49,34262.76,20
202401,2000,10,10,MAT-00093,CUST-0038,East,1662663.76,556,1,2990.4,975868.75,686795.01,70950.6,14
202305,2000,20,10,MAT-00118,CUST-0057,Central,667579.07,241,8,22160.3,467599.52,199979.55,22320.46,10
202303,1000,20,10,MAT-00034,CUST-0001,East,30966.5,46,0,0.0,21566.69,9399.81,1110.06,14
202304,1000,20,20,MAT-00105,CUST-0058,East,25371.58,431,40,2354.67,18028.13,7343.45,2788.65,10
202304,2000,10,20,MAT-00085,CUST-0036,East,315759.36,123,11,28238.64,229774.53,85984.83,18425.81,11
202312,1000,10,20,MAT-00055,CUST-0006,East,727109.09,256,23,65326.21,331712.45,395396.64,14165.26,9
202311,2000,20,10,MAT-00021,CUST-0058,East,187596.03,172,17,18541.47,127476.72,60119.31,8126.06,18
202305,1000,10,00,MAT-00110,CUST-0060,West,51821.75,250,8,1658.3,35295.89,16525.86,5895.61,6
202308,2000,20,00,MAT-00065,CUST-0050,South,773483.77,552,17,23821.06,376399.83,397083.94,77502.89,3
202411,1000,20,00,MAT-00050,CUST-0052,West,568638.76,261,25,54467.31,411282.76,157356.0,52912.57,3
202305,1000,10,10,MAT-00021,CUST-0034,South,325994.43,552,22,12992.53,243626.74,82367.69,37032.04,1
202410,2000,20,00,MAT-00104,CUST-0033,Central,268946.8,417,37,23863.38,136367.62,132579.18,25717.6,3
202403,2000,20,10,MAT-00042,CUST-0042,East,5582.41,47,0,0.0,2827.07,2755.34,478.08,12
202410,2000,10,10,MAT-00111,CUST-0030,West,184163.9,103,2,3576.0,113891.32,70272.58,3218.1,16
202508,2000,10,20,MAT-00104,CUST-0003,Central,245319.62,329,2,1491.3,149920.82,95398.8,15662.7,4
202304,2000,10,20,MAT-00034,CUST-0053,East,136720.81,161,16,13587.16,96377.38,40343.43,20124.83,12
202305,2000,20,20,MAT-00039,CUST-0027,West,293035.26,296,29,28709.54,194440.64,98594.62,38219.34,17
202307,2000,10,00,MAT-00034,CUST-0050,East,72840.02,131,3,1668.09,37417.42,35422.6,8744.86,2
202406,2000,10,20,MAT-00071,CUST-0060,Central,506836.99,564,25,22466.18,312064.62,194772.37,22621.1,2
202408,2000,10,20,MAT-00043,CUST-0018,Central,31255.5,145,1,215.56,22963.26,8292.24,2758.16,16
202303,2000,20,10,MAT-00070,CUST-0007,East,1555265.4,579,11,29547.36,815383.24,739882.16,77933.45,19
202307,1000,20,00,MAT-00094,CUST-0046,West,380494.59,526,17,12297.35,217784.89,162709.7,38890.99,19
202401,2000,10,00,MAT-00056,CUST-0014,Central,235367.25,402,25,14637.27,143181.98,92185.27,12154.41,19
202503,2000,20,00,MAT-00079,CUST-0055,South,336014.82,435,7,5407.14,212219.16,123795.66,73.22,13
202401,2000,10,20,MAT-00024,CUST-0053,Central,368535.12,127,3,8705.55,193346.07,175189.05,39308.04,8
202303,1000,20,00,MAT-00028,CUST-0018,South,10925.92,593,44,810.69,5605.67,5320.25,181.55,1
202503,1000,20,00,MAT-00058,CUST-0010,West,341610.72,131,10,26077.15,187043.31,154567.41,21066.8,17
202406,2000,10,20,MAT-00019,CUST-0014,East,514397.28,197,15,39167.31,363902.16,150495.12,51103.07,16
202406,2000,10,10,MAT-00001,CUST-0028,East,157206.48,67,4,9385.46,110061.36,47145.12,17646.21,10
202402,2000,10,10,MAT-00019,CUST-0019,East,1018476.34,441,4,9237.88,602907.63,415568.71,116508.6,19
202506,2000,20,20,MAT-00029,CUST-0029,West,723242.65,287,15,37800.14,534514.25,188728.4,29252.22,8
202505,1000,10,00,MAT-00083,CUST-0032,East,872843.81,569,46,70563.82,637344.33,235499.48,14378.93,12
202510,2000,10,10,MAT-00111,CUST-0043,East,721841.81,322,6,13450.47,329224.74,392617.07,61409.52,8
202407,2000,10,20,MAT-00120,CUST-0036,South,1422603.45,593,31,74368.81,866331.07,556272.38,39039.21,17
202301,1000,10,10,MAT-00099,CUST-0045,Central,741347.38,434,6,10249.04,333931.15,407416.23,21508.62,10
202504,2000,20,20,MAT-00026,CUST-0041,East,989016.24,583,12,20357.11,473567.66,515448.58,70000.76,8
202409,1000,20,10,MAT-00061,CUST-0049,West,513643.97,346,4,5938.08,297526.71,216117.26,43333.72,4
202309,1000,20,00,MAT-00027,CUST-0030,East,25028.73,79,2,633.64,18694.77,6333.96,2059.49,8
202402,1000,20,00,MAT-00005,CUST-0017,West,156353.33,423,28,10349.63,83511.95,72841.38,13805.05,7
202306,2000,10,20,MAT-00016,CUST-0006,South,1241951.12,554,30,67253.67,908464.29,333486.83,44935.65,9
202511,1000,10,10,MAT-00105,CUST-0014,Central,106082.94,343,17,5257.75,63767.53,42315.41,3649.19,1
202504,2000,20,10,MAT-00072,CUST-0045,West,306000.0,104,3,8826.92,190182.45,115817.55,30629.01,6
202311,1000,10,20,MAT-00023,CUST-0013,South,84157.55,207,7,2845.91,49506.23,34651.32,8352.57,20
202309,1000,10,20,MAT-00117,CUST-0047,West,779332.33,311,10,25058.92,451659.52,327672.81,80417.41,16
202501,1000,10,10,MAT-00005,CUST-0035,West,145502.29,435,9,3010.39,98843.38,46658.91,4622.28,14
202307,2000,10,20,MAT-00105,CUST-0011,East,1151343.95,537,37,79329.1,823382.0,327961.95,91681.37,19
202410,2000,10,20,MAT-00069,CUST-0043,Central,594110.28,464,17,21766.97,376240.91,217869.37,70822.39,11
202405,1000,10,00,MAT-00052,CUST-0019,East,774175.93,553,50,69997.82,369519.92,404656.01,67516.18,5
202304,1000,10,20,MAT-00062,CUST-0026,South,1281993.24,599,11,23542.45,890999.79,390993.45,10159.48,18
202403,1000,10,00,MAT-00066,CUST-0055,Central,58565.54,80,8,5856.55,36057.82,22507.72,2979.04,3
202405,2000,20,20,MAT-00018,CUST-0053,West,652666.03,442,14,20672.68,457760.65,194905.38,13677.83,3
202510,1000,20,00,MAT-00055,CUST-0047,Central,192778.6,87,4,8863.38,105363.67,87414.93,4760.71,11
202302,1000,10,00,MAT-00100,CUST-0043,Central,9362.34,36,0,0.0,4676.28,4686.06,1042.31,3
202401,2000,10,10,MAT-00101,CUST-0058,East,69750.55,385,1,181.17,44588.3,25162.25,10134.51,5
202411,2000,20,20,MAT-00015,CUST-0051,South,680278.87,301,26,58761.63,359351.34,320927.53,8677.68,5
202511,2000,20,10,MAT-00067,CUST-0059,Central,85131.41,159,1,535.42,57801.55,27329.86,6402.93,11
202501,2000,10,20,MAT-00056,CUST-0030,West,1009.73,55,2,36.72,533.53,476.2,37.2,11
202306,2000,20,20,MAT-00020,CUST-0026,East,92956.15,130,3,2145.14,45993.02,46963.13,3756.49,11
202412,1000,20,10,MAT-00106,CUST-0011,Central,852494.69,389,30,65745.09,524934.69,327560.0,5035.17,2
202503,1000,10,10,MAT-00078,CUST-0055,Central,884451.98,476,39,72465.6,606696.0,277755.98,2254.6,17
202312,1000,10,00,MAT-00035,CUST-0052,West,337623.19,130,8,20776.81,177537.31,160085.88,26768.92,17
202301,2000,20,20,MAT-00023,CUST-0036,South,1360917.07,515,45,118915.08,714079.45,646837.62,39573.33,7
202510,1000,20,10,MAT-00032,CUST-0010,Central,311852.11,149,2,4185.93,198251.37,113600.74,13806.52,17
202408,2000,20,00,MAT-00003,CUST-0016,South,153330.0,138,3,3333.26,102358.29,50971.71,12151.12,4
202408,2000,10,10,MAT-00112,CUST-0003,South,859581.92,303,30,85107.12,549693.78,309888.14,20200.86,12
202407,1000,10,10,MAT-00101,CUST-0015,Central,392082.07,382,1,1026.39,256796.12,135285.95,17281.0,3
202507,2000,20,10,MAT-00102,CUST-0018,South,917626.7,530,1,1731.37,637215.19,280411.51,69540.0,8
202307,2000,10,20,MAT-00090,CUST-0033,East,287384.06,287,26,26034.79,213165.07,74218.99,20074.47,2
202410,1000,20,20,MAT-00082,CUST-0004,South,219391.13,303,24,17377.52,159046.67,60344.46,6875.84,12
202401,2000,20,20,MAT-00016,CUST-0026,Central,360547.89,149,7,16938.49,171987.58,188560.31,38468.96,17
202506,1000,10,20,MAT-00026,CUST-0016,Central,306943.19,207,7,10379.72,150528.65,156414.54,29652.01,2
202503,1000,10,00,MAT-00118,CUST-0049,Central,780406.98,522,6,8970.2,576338.59,204068.39,116056.89,15
202509,2000,10,00,MAT-00117,CUST-0012,West,95738.13,32,3,8975.45,43926.52,51811.61,1532.95,4
202512,1000,10,00,MAT-00089,CUST-0025,East,410697.61,514,7,5593.16,219762.14,190935.47,60311.05,14
202301,1000,20,10,MAT-00079,CUST-0051,East,15231.57,64,6,1427.96,9612.76,5618.81,1847.24,17
202407,1000,20,00,MAT-00030,CUST-0026,East,895630.15,356,26,65411.19,560635.03,334995.12,101634.48,7
202311,1000,10,20,MAT-00078,CUST-0033,West,339840.72,250,2,2718.73,187101.82,152738.9,21321.72,9
202303,2000,10,20,MAT-00069,CUST-0027,South,119541.76,48,2,4980.91,76404.33,43137.43,13950.85,8
202508,2000,20,10,MAT-00102,CUST-0048,West,36912.4,103,0,0.0,18036.73,18875.67,4320.45,2
202401,1000,10,10,MAT-00050,CUST-0026,South,233351.84,95,7,17194.35,158404.1,74947.74,13521.02,3
202409,1000,10,00,MAT-00099,CUST-0014,East,379061.31,353,11,11812.11,263530.74,115530.57,28945.64,14
202307,2000,20,10,MAT-00098,CUST-0036,Central,281965.96,151,9,16805.92,210114.26,71851.7,35163.62,2
202308,1000,20,20,MAT-00001,CUST-0051,East,1084775.37,463,42,98402.95,599645.15,485130.22,38633.03,18
202510,1000,20,00,MAT-00028,CUST-0015,Central,22396.05,132,11,1866.34,14559.85,7836.2,1516.89,1
202304,2000,10,10,MAT-00037,CUST-0037,West,45083.05,21,0,0.0,26415.62,18667.43,1726.08,13
202503,2000,20,20,MAT-00083,CUST-0039,Central,131247.86,472,23,6395.55,79623.32,51624.54,2858.21,19
202501,1000,10,10,MAT-00073,CUST-0007,East,1376844.33,517,12,31957.7,854806.17,522038.16,163630.77,6
202401,1000,10,00,MAT-00038,CUST-0050,West,542274.51,445,26,31683.45,335101.04,207173.47,76259.71,20
202302,2000,10,10,MAT-00082,CUST-0008,East,1260275.43,432,13,37924.96,578663.15,681612.28,83554.25,10
202512,1000,10,10,MAT-00086,CUST-0043,Central,732775.08,375,35,68392.34,527273.12,205501.96,57179.38,1
202407,1000,20,10,MAT-00114,CUST-0043,West,406158.46,150,0,0.0,251769.65,154388.81,26449.95,18
202310,2000,20,20,MAT-00087,CUST-0010,East,80207.35,277,11,3185.13,49342.29,30865.06,6892.78,14
202305,1000,10,20,MAT-00062,CUST-0052,East,354478.45,154,10,23018.08,245359.26,109119.19,16679.7,4
202405,1000,20,10,MAT-00070,CUST-0010,West,823906.13,323,1,2550.79,437964.14,385941.99,111102.99,6
202507,1000,10,00,MAT-00086,CUST-0055,East,1102792.19,405,7,19060.61,625047.05,477745.14,165161.35,13
202509,1000,10,00,MAT-00086,CUST-0013,South,857938.77,347,4,9889.78,597981.12,259957.65,3279.73,13
202510,1000,20,00,MAT-00038,CUST-0041,Central,57590.74,334,33,5690.1,32961.33,24629.41,1530.67,7
202505,2000,10,00,MAT-00094,CUST-0024,West,237940.02,291,19,15535.6,171011.19,66928.83,15727.22,10
202502,1000,10,20,MAT-00058,CUST-0057,West,955459.34,417,8,18330.16,547950.04,407509.3,18635.58,12
202302,1000,20,20,MAT-00081,CUST-0053,East,1102475.63,398,38,105261.49,820897.55,281578.08,93504.49,3
202405,1000,20,20,MAT-00087,CUST-0035,East,123080.0,204,4,2413.33,72144.56,50935.44,1646.57,11
202411,1000,10,10,MAT-00118,CUST-0026,West,1563612.56,562,10,27822.29,921400.15,642212.41,48061.63,4
202306,1000,10,10,MAT-00015,CUST-0015,Central,614358.11,248,14,34681.51,456998.43,157359.68,29282.39,16
202511,2000,20,00,MAT-00025,CUST-0014,East,505133.28,563,10,8972.17,267407.25,237726.03,3726.69,19
202409,1000,10,10,MAT-00038,CUST-0033,West,131215.93,101,7,9094.17,70256.71,60959.22,1041.2,7
202405,1000,20,10,MAT-00069,CUST-0007,South,1065937.96,479,11,24478.74,639453.51,426484.45,82086.41,3
202301,1000,10,10,MAT-00115,CUST-0053,Central,60354.19,191,13,4107.88,30660.87,29693.32,4702.42,6
202511,2000,20,20,MAT-00088,CUST-0039,East,1147078.38,441,15,39016.27,595894.19,551184.19,141528.39,4
202509,1000,20,10,MAT-00004,CUST-0022,West,1339062.58,465,37,106549.07,611785.03,727277.55,157796.68,18
202504,2000,10,10,MAT-00062,CUST-0045,West,367046.5,513,9,6439.41,209776.4,157270.1,42938.16,1
202412,1000,20,20,MAT-00019,CUST-0006,Central,98917.64,180,5,2747.71,63183.89,35733.75,4865.12,3
202502,2000,10,10,MAT-00070,CUST-0029,South,336928.3,276,20,24415.09,166813.93,170114.37,3682.4,6
202305,1000,20,20,MAT-00051,CUST-0030,Central,75465.18,45,1,1677.0,46054.73,29410.45,7718.53,14
202511,2000,10,00,MAT-00017,CUST-0058,South,822229.81,343,14,33560.4,604684.24,217545.57,85321.96,18
202504,2000,20,20,MAT-00017,CUST-0020,South,888980.83,350,4,10159.78,562652.85,326327.98,73813.08,3
202407,2000,20,20,MAT-00070,CUST-0033,East,85644.42,41,1,2088.89,49881.17,35763.25,4585.46,8
202511,2000,20,10,MAT-00062,CUST-0013,East,17324.73,196,2,176.78,10995.57,6329.16,714.39,20
202305,2000,20,20,MAT-00069,CUST-0032,East,406455.17,158,15,38587.52,252968.7,153486.47,26610.49,5
202309,2000,10,10,MAT-00096,CUST-0003,Central,527906.89,549,11,10577.37,320606.32,207300.57,31563.05,8
202412,1000,20,00,MAT-00085,CUST-0058,South,464199.31,404,36,41364.29,295166.58,169032.73,47739.12,2
202302,1000,10,10,MAT-00116,CUST-0035,West,908416.59,355,33,84444.36,481912.03,426504.56,24875.54,13
202506,2000,10,00,MAT-00046,CUST-0053,South,172954.19,306,21,11869.41,90625.82,82328.37,24688.52,18
202406,2000,10,00,MAT-00070,CUST-0058,South,112987.2,110,10,10271.56,56417.5,56569.7,1349.18,11
202312,2000,20,00,MAT-00117,CUST-0022,East,311168.68,594,44,23049.53,228341.62,82827.06,10345.68,8
202410,2000,10,00,MAT-00111,CUST-0033,West,451170.8,405,33,36762.06,206499.87,244670.93,43706.33,9
202501,2000,10,20,MAT-00042,CUST-0049,East,740424.87,299,20,49526.75,382993.66,357431.21,21564.08,20
202308,1000,10,10,MAT-00077,CUST-0031,West,326437.77,208,8,12555.3,215907.85,110529.92,28496.89,2
202306,2000,10,10,MAT-00040,CUST-0006,East,155470.06,469,13,4309.4,108561.6,46908.46,4717.67,6
202412,1000,20,10,MAT-00094,CUST-0055,South,75094.76,104,0,0.0,43395.39,31699.37,9592.15,1
202406,1000,10,10,MAT-00099,CUST-0051,West,198253.77,367,7,3781.41,111989.53,86264.24,15737.74,19
202510,2000,10,20,MAT-00094,CUST-0054,West,14875.49,494,32,963.59,8304.93,6570.56,524.38,17
202512,2000,20,00,MAT-00114,CUST-0009,South,1396791.54,575,3,7287.61,967721.65,429069.89,89705.81,11
202509,2000,20,20,MAT-00057,CUST-0018,East,74496.4,176,8,3386.2,49303.99,25192.41,5701.3,18
202410,2000,20,10,MAT-00101,CUST-0046,South,161922.73,299,29,15704.88,79126.63,82796.1,23268.42,4
202306,2000,20,00,MAT-00018,CUST-0060,South,6218.82,45,1,138.2,4294.01,1924.81,347.48,19
202403,1000,10,00,MAT-00083,CUST-0057,South,295193.01,123,0,0.0,209748.07,85444.94,3065.99,11
202410,2000,10,20,MAT-00027,CUST-0041,Central,1270389.01,573,18,39907.51,831594.72,438794.29,54101.32,17
202510,2000,20,20,MAT-00080,CUST-0046,East,1491061.92,516,27,78020.68,979789.01,511272.91,209491.17,15
202505,2000,20,00,MAT-00096,CUST-0001,West,1571805.71,532,18,53181.4,1039129.07,532676.64,216730.26,7
202305,1000,10,20,MAT-00070,CUST-0052,South,81690.74,141,2,1158.73,38302.72,43388.02,2452.94,1
202408,1000,10,10,MAT-00095,CUST-0001,South,398345.51,537,45,33380.91,210612.09,187733.42,9569.3,18
202506,2000,10,20,MAT-00022,CUST-0050,East,1137090.99,536,11,23335.82,738594.26,398496.73,30179.73,12
202507,2000,20,10,MAT-00096,CUST-0024,Central,403495.3,277,1,1456.66,227439.36,176055.94,52216.59,11
202310,1000,20,10,MAT-00116,CUST-0043,Central,129008.23,109,7,8284.93,79315.84,49692.39,3515.2,4
202507,1000,10,10,MAT-00088,CUST-0014,West,630634.83,227,0,0.0,407780.35,222854.48,91437.66,11
202312,1000,10,20,MAT-00073,CUST-0059,Central,1127136.59,426,20,52917.21,830251.73,296884.86,123895.72,19
202305,2000,10,20,MAT-00071,CUST-0010,West,171859.89,175,17,16694.96,96088.19,75771.7,24854.85,7
202409,2000,20,10,MAT-00016,CUST-0032,Central,1060493.38,479,25,55349.34,757989.66,302503.72,34815.9,10
202404,1000,20,10,MAT-00111,CUST-0017,Central,946326.09,515,28,51450.74,631681.12,314644.97,25616.17,20
202505,1000,10,20,MAT-00023,CUST-0029,West,61001.1,61,6,6000.11,39651.7,21349.4,5452.54,17
202508,1000,10,10,MAT-00091,CUST-0058,South,254469.22,146,3,5228.82,157133.13,97336.09,34925.17,5
202310,1000,10,00,MAT-00102,CUST-0024,East,98907.52,60,2,3296.92,49649.59,49257.93,13105.81,18
202508,2000,20,10,MAT-00088,CUST-0014,Central,774072.91,386,34,68182.59,431320.61,342752.3,27494.59,13
202304,1000,10,00,MAT-00036,CUST-0020,West,779786.12,402,36,69831.59,541484.9,238301.22,100029.28,11
202308,2000,10,10,MAT-00107,CUST-0056,West,575805.95,220,2,5234.6,357664.65,218141.3,80198.6,1
202310,1000,20,20,MAT-00004,CUST-0006,East,414357.67,494,3,2516.34,294341.91,120015.76,31784.19,20
202401,1000,20,10,MAT-00011,CUST-0014,Central,148534.93,516,3,863.58,109949.18,38585.75,3234.74,5
202310,1000,10,00,MAT-00016,CUST-0056,Central,588447.11,476,7,8653.63,397671.35,190775.76,12325.18,20
202306,1000,10,10,MAT-00052,CUST-0007,West,25675.62,190,4,540.54,16310.5,9365.12,122.92,11
202510,2000,10,00,MAT-00119,CUST-0040,Central,27036.54,224,10,1206.99,16804.97,10231.57,1749.73,7
202511,1000,10,10,MAT-00084,CUST-0057,Central,729972.27,313,18,41979.24,351181.53,378790.74,83694.25,6
202307,1000,20,00,MAT-00102,CUST-0036,Central,233291.72,542,42,18077.96,128577.96,104713.76,305.92,11
202309,1000,20,10,MAT-00017,CUST-0002,South,427288.78,203,12,25258.45,239289.48,187999.3,62021.59,3
202301,1000,20,00,MAT-00100,CUST-0045,Central,51289.16,22,0,0.0,26601.58,24687.58,3490.75,9
202401,2000,20,20,MAT-00042,CUST-0035,East,730538.92,319,16,36641.45,357306.65,373232.27,92742.88,3
202310,1000,10,10,MAT-00120,CUST-0004,East,692479.11,375,17,31392.39,411189.35,281289.76,57911.52,2
202311,1000,20,20,MAT-00093,CUST-0006,East,33558.3,27,2,2485.8,16409.88,17148.42,4329.08,4
202410,2000,20,00,MAT-00106,CUST-0057,Central,8079.51,12,0,0.0,5357.52,2721.99,345.95,2
202308,1000,20,10,MAT-00064,CUST-0037,South,519309.9,467,4,4448.05,372819.2,146490.7,24012.32,12
202505,2000,20,10,MAT-00055,CUST-0054,West,195662.03,257,25,19033.27,137447.41,58214.62,4016.72,9
202506,2000,10,00,MAT-00006,CUST-0036,West,301619.38,126,0,0.0,182254.99,119364.39,1752.28,14
202512,1000,10,10,MAT-00052,CUST-0018,Central,142790.09,97,0,0.0,82410.1,60379.99,912.93,17
202307,2000,20,00,MAT-00019,CUST-0038,West,336129.07,115,3,8768.58,222279.17,113849.9,23367.12,17
202303,2000,20,00,MAT-00032,CUST-0004,East,239740.06,239,9,9027.87,177559.3,62180.76,29236.2,12
202510,2000,20,10,MAT-00026,CUST-0052,East,255933.58,121,2,4230.31,117073.5,138860.08,21695.41,12
202511,2000,20,10,MAT-00091,CUST-0028,Central,50661.47,513,12,1185.06,24629.02,26032.45,41.54,7
202502,1000,20,10,MAT-00108,CUST-0028,South,1117048.98,452,33,81554.46,529123.79,587925.19,98045.71,8
202309,2000,10,00,MAT-00008,CUST-0018,East,136179.93,440,1,309.5,100708.37,35471.56,12804.41,3
202308,1000,20,20,MAT-00063,CUST-0043,East,32001.5,263,7,851.75,21591.63,10409.87,1260.99,18
202512,1000,20,20,MAT-00001,CUST-0021,West,68891.84,72,0,0.0,34558.64,34333.2,2640.5,19
202408,2000,20,20,MAT-00068,CUST-0032,Central,42884.33,71,6,3624.03,26892.56,15991.77,4407.37,13
202512,2000,10,10,MAT-00117,CUST-0025,South,103100.0,157,15,9850.32,55261.24,47838.76,759.4,19
202406,1000,10,00,MAT-00098,CUST-0021,East,486977.53,220,19,42057.15,360418.04,126559.49,48921.63,10
202308,2000,10,00,MAT-00092,CUST-0053,South,461350.69,174,4,10605.76,324992.25,136358.44,66140.69,1
202402,2000,10,20,MAT-00059,CUST-0053,South,58683.0,180,0,0.0,33638.42,25044.58,7403.1,9
202307,1000,10,10,MAT-00088,CUST-0045,Central,910804.34,590,37,57118.24,547700.38,363103.96,135671.32,15
202310,1000,10,10,MAT-00003,CUST-0047,South,978443.66,520,32,60211.92,723436.45,255007.21,136170.5,1
202305,2000,20,10,MAT-00069,CUST-0009,West,173998.22,128,8,10874.89,124243.99,49754.23,9292.83,8
202505,2000,20,00,MAT-00070,CUST-0012,West,24363.12,31,3,2357.72,11305.63,13057.49,1733.34,3
202312,1000,20,20,MAT-00011,CUST-0020,Central,225025.89,98,8,18369.46,146355.74,78670.15,31531.15,16
202406,1000,20,20,MAT-00116,CUST-0033,West,706440.82,406,30,52200.06,529628.89,176811.93,98571.28,2
202406,1000,20,00,MAT-00092,CUST-0008,East,225382.62,95,0,0.0,130058.58,95324.04,11988.44,16
202512,1000,10,10,MAT-00037,CUST-0044,South,958698.14,571,6,10073.89,527276.38,431421.76,54270.01,15
202502,1000,20,20,MAT-00006,CUST-0057,Central,919529.66,436,24,50616.31,491867.45,427662.21,84112.8,18
202404,2000,20,00,MAT-00035,CUST-0029,East,32581.15,160,3,610.9,14775.05,17806.1,2740.89,13
202310,1000,20,20,MAT-00098,CUST-0016,South,350650.7,421,36,29984.38,215304.29,135346.41,18.06,8
202406,2000,10,20,MAT-00006,CUST-0057,East,320544.08,269,16,19065.82,158798.05,161746.03,47481.7,15
202305,2000,10,20,MAT-00107,CUST-0005,West,52096.87,80,3,1953.63,36410.96,15685.91,4583.21,12
202311,1000,20,00,MAT-00030,CUST-0014,East,1132809.62,422,2,5368.77,625898.5,506911.12,166695.08,9
202409,1000,20,10,MAT-00100,CUST-0054,Central,189198.1,174,15,16310.18,139409.58,49788.52,21298.31,5
202405,1000,10,10,MAT-00041,CUST-0042,West,423002.85,202,13,27222.96,225071.37,197931.48,49979.77,13
202305,2000,20,20,MAT-00009,CUST-0050,East,480890.25,269,1,1787.7,299099.49,181790.76,39429.72,18
202511,1000,20,10,MAT-00107,CUST-0036,West,70201.59,283,3,744.19,37295.37,32906.22,5443.83,8
202409,1000,20,20,MAT-00049,CUST-0017,East,1031961.52,556,37,68673.7,747698.87,284262.65,108182.71,13
202512,2000,20,20,MAT-00049,CUST-0037,East,95904.54,97,0,0.0,60084.74,35819.8,14082.09,4
202308,1000,10,00,MAT-00109,CUST-0044,Central,279275.35,374,2,1493.45,203486.86,75788.49,37247.81,12
202308,1000,20,00,MAT-00055,CUST-0044,Central,592321.5,237,12,29990.96,362112.93,230208.57,68527.96,7
202503,2000,10,10,MAT-00091,CUST-0042,West,926751.38,532,24,41808.33,508134.22,418617.16,83337.26,16
202301,1000,10,20,MAT-00084,CUST-0042,Central,130054.03,144,0,0.0,96419.77,33634.26,4881.27,10
202501,2000,20,20,MAT-00111,CUST-0036,Central,667900.75,446,16,23960.56,310574.32,357326.43,79063.88,6
202301,2000,20,10,MAT-00111,CUST-0024,East,470068.78,458,19,19500.67,337386.74,132682.04,40276.21,11
202403,1000,10,10,MAT-00017,CUST-0016,South,299385.26,383,8,6253.48,171048.07,128337.19,17121.56,6
202503,2000,20,00,MAT-00014,CUST-0026,Central,249990.24,360,27,18749.27,116522.88,133467.36,26053.7,6
202312,1000,10,00,MAT-00038,CUST-0012,South,602553.35,467,30,38707.92,430467.89,172085.46,62721.25,10
202502,1000,20,20,MAT-00009,CUST-0025,West,45803.42,85,5,2694.32,30355.86,15447.56,686.47,17
202405,2000,10,00,MAT-00098,CUST-0058,South,6679.2,20,1,333.96,4185.47,2493.73,983.82,16
202512,1000,10,00,MAT-00023,CUST-0037,Central,496332.75,371,17,22743.01,340324.47,156008.28,1014.01,15
202309,2000,20,00,MAT-00082,CUST-0052,East,340075.6,155,8,17552.29,246846.09,93229.51,2727.64,8
202507,2000,10,10,MAT-00045,CUST-0045,Central,1040212.46,400,22,57211.69,634204.0,406008.46,71962.56,6
202412,2000,10,10,MAT-00017,CUST-0008,Central,368230.89,243,24,36368.48,262767.72,105463.17,19996.55,9
202304,1000,20,10,MAT-00040,CUST-0042,East,493738.16,483,4,4088.93,243754.88,249983.28,14575.84,4
202309,1000,10,20,MAT-00058,CUST-0019,Central,1041244.84,508,5,10248.47,662478.5,378766.34,127385.72,15
202505,2000,10,00,MAT-00086,CUST-0019,Central,257768.49,175,17,25040.37,118370.26,139398.23,33546.37,18
202501,1000,10,10,MAT-00046,CUST-0046,West,107367.04,560,24,4601.44,75590.53,31776.51,9771.59,8
202303,2000,20,20,MAT-00082,CUST-0013,West,235619.79,240,8,7853.99,144575.27,91044.52,29325.6,20
202403,2000,10,10,MAT-00002,CUST-0003,South,171934.52,111,7,10842.72,114258.5,57676.02,10221.65,17
202407,1000,20,10,MAT-00023,CUST-0018,East,295543.48,373,13,10300.44,170897.79,124645.69,36611.27,18
202412,1000,20,20,MAT-00080,CUST-0014,East,188321.08,570,51,16849.78,121003.09,67317.99,18387.04,11
202404,1000,10,20,MAT-00059,CUST-0033,East,697893.31,266,18,47225.86,468008.89,229884.42,84156.0,19
202504,1000,10,10,MAT-00041,CUST-0031,Central,354496.03,141,10,25141.56,170653.06,183842.97,44652.98,5
202405,2000,10,00,MAT-00104,CUST-0006,South,1253055.95,558,17,38175.54,707226.73,545829.22,47484.54,5
202402,1000,20,00,MAT-00067,CUST-0016,West,50746.76,110,8,3690.67,24552.24,26194.52,4917.9,16
202302,2000,10,20,MAT-00027,CUST-0012,East,1475352.9,532,13,36051.86,978907.28,496445.62,123275.88,6
202310,1000,10,00,MAT-00002,CUST-0012,West,410.69,7,1,58.67,270.03,140.66,23.78,13
202308,1000,10,20,MAT-00108,CUST-0041,Central,1589446.43,576,7,19316.19,1037941.27,551505.16,170436.17,1
202512,1000,20,00,MAT-00048,CUST-0025,Central,58355.51,300,9,1750.67,38943.65,19411.86,7858.22,11
202404,1000,10,10,MAT-00036,CUST-0027,Central,1095176.95,568,55,106047.06,556893.34,538283.61,50815.67,19
202409,1000,10,00,MAT-00026,CUST-0047,Central,30284.36,22,0,0.0,20456.45,9827.91,4161.07,12
202406,2000,20,10,MAT-00107,CUST-0005,East,68295.54,52,3,3940.13,50657.07,17638.47,6847.74,9
202306,1000,10,20,MAT-00051,CUST-0059,East,198070.16,93,3,6389.36,130968.72,67101.44,26496.12,10
202301,2000,20,00,MAT-00052,CUST-0040,South,649474.98,280,0,0.0,383729.39,265745.59,50931.12,12
202512,1000,20,10,MAT-00071,CUST-0013,East,169857.43,149,6,6839.9,113411.2,56446.23,14385.27,6
202501,2000,10,20,MAT-00030,CUST-0035,East,896697.24,573,33,51642.25,574409.65,322287.59,15913.68,16
202305,2000,10,10,MAT-00103,CUST-0038,East,513641.4,376,24,32785.62,243086.09,270555.31,35015.24,1
202404,1000,10,00,MAT-00017,CUST-0028,South,509309.24,372,35,47918.88,376388.53,132920.71,39877.13,6
202501,1000,20,00,MAT-00071,CUST-0055,West,656048.07,590,29,32246.43,322618.24,333429.83,7167.95,12
202410,2000,10,10,MAT-00063,CUST-0030,East,195569.75,97,9,18145.65,96101.2,99468.55,8706.7,6
202305,1000,10,10,MAT-00012,CUST-0039,Central,1176147.04,417,9,25384.47,683015.33,493131.71,31231.32,20
202507,2000,10,10,MAT-00007,CUST-0052,Central,595597.26,275,3,6497.42,333494.21,262103.05,81857.2,18
202411,2000,20,10,MAT-00107,CUST-0054,West,1053320.33,450,9,21066.41,513942.07,539378.26,133496.0,5
202412,2000,10,20,MAT-00074,CUST-0002,South,10971.09,55,2,398.95,6251.21,4719.88,1522.8,14
202406,1000,20,00,MAT-00028,CUST-0053,West,1446199.74,486,39,116053.07,869064.24,577135.5,199476.29,11
202406,1000,10,00,MAT-00063,CUST-0034,Central,297158.71,534,15,8347.15,195130.51,102028.2,31962.84,3
202309,2000,10,10,MAT-00120,CUST-0035,South,11098.59,387,35,1003.75,5213.82,5884.77,1309.03,2
202306,1000,20,00,MAT-00079,CUST-0012,South,341429.07,116,6,17660.12,220932.32,120496.75,16131.67,3
202303,2000,10,10,MAT-00007,CUST-0053,Central,29492.4,209,18,2540.01,17362.55,12129.85,3581.83,11
202301,1000,20,10,MAT-00116,CUST-0045,South,244868.73,93,5,13164.99,152357.51,92511.22,11469.35,10
202403,1000,20,10,MAT-00076,CUST-0036,Central,444248.75,427,30,31211.86,279234.05,165014.7,18593.71,4
202503,1000,10,10,MAT-00026,CUST-0052,East,142948.13,556,4,1028.4,102995.41,39952.72,15553.18,2
202405,2000,10,00,MAT-00046,CUST-0050,Central,280690.76,417,18,12116.15,141735.58,138955.18,19715.95,7
202412,2000,20,20,MAT-00098,CUST-0057,South,915375.22,350,25,65383.94,453490.78,461884.44,72764.05,9
202511,2000,10,20,MAT-00055,CUST-0029,West,376332.21,566,19,12633.06,250382.98,125949.23,14189.85,18
202509,1000,20,00,MAT-00041,CUST-0052,West,379321.47,310,21,25695.97,186387.16,192934.31,2698.84,2
202505,2000,20,20,MAT-00007,CUST-0026,East,370200.05,348,13,13829.31,207040.53,163159.52,22049.07,19
202312,1000,10,20,MAT-00120,CUST-0022,South,111327.61,337,1,330.35,66575.62,44751.99,11686.68,20
202307,1000,10,00,MAT-00013,CUST-0030,Central,117913.28,402,21,6159.65,87949.64,29963.64,337.76,10
202505,2000,10,20,MAT-00090,CUST-0012,West,35504.92,29,1,1224.31,22591.59,12913.33,4896.36,9
202306,1000,10,00,MAT-00086,CUST-0009,West,768366.15,326,3,7070.85,553246.17,215119.98,41185.7,1
202311,2000,10,00,MAT-00041,CUST-0008,East,522326.73,192,18,48968.13,289425.08,232901.65,62518.41,9
202505,2000,10,10,MAT-00037,CUST-0003,South,157118.25,509,8,2469.44,91581.51,65536.74,4507.63,15
202512,1000,20,20,MAT-00096,CUST-0038,Central,90460.63,33,0,0.0,58792.91,31667.72,11251.95,1
202502,2000,10,10,MAT-00099,CUST-0047,West,217527.27,597,2,728.73,115992.12,101535.15,4113.11,7
202504,1000,20,00,MAT-00010,CUST-0035,East,289534.8,101,9,25800.13,216324.68,73210.12,14627.76,20
202312,2000,20,00,MAT-00117,CUST-0024,Central,158164.72,353,3,1344.18,88319.78,69844.94,1676.43,14
202508,1000,10,10,MAT-00074,CUST-0028,South,104966.57,565,30,5573.45,64451.64,40514.93,11291.18,9
202303,1000,20,20,MAT-00035,CUST-0045,Central,453723.41,228,18,35820.27,281799.81,171923.6,19667.28,12
202403,1000,10,10,MAT-00063,CUST-0030,East,166514.88,165,11,11100.99,75333.83,91181.05,4013.34,1
202305,2000,10,10,MAT-00041,CUST-0017,West,226434.78,405,11,6150.08,109080.51,117354.27,18247.44,19
202304,1000,10,00,MAT-00102,CUST-0015,East,22290.53,102,0,0.0,14960.7,7329.83,106.82,14
202303,2000,10,00,MAT-00082,CUST-0049,South,1573585.55,574,9,24672.94,949078.26,624507.29,57351.46,4
202306,2000,20,10,MAT-00029,CUST-0051,West,9371.49,11,1,851.95,6124.28,3247.21,1346.24,11
202512,2000,20,20,MAT-00111,CUST-0012,West,412568.74,438,15,14129.07,234575.2,177993.54,14292.11,14
202312,1000,10,10,MAT-00048,CUST-0023,East,65095.4,84,2,1549.89,48495.49,16599.91,8689.53,1
202505,1000,10,10,MAT-00108,CUST-0011,West,16072.36,568,10,282.96,8144.08,7928.28,1688.62,4
202311,1000,20,20,MAT-00101,CUST-0008,East,1096425.85,505,27,58620.79,719166.15,377259.7,93011.46,4
202308,2000,10,20,MAT-00048,CUST-0022,Central,193044.44,88,7,15355.81,137875.69,55168.75,16475.62,16
202311,1000,20,20,MAT-00067,CUST-0003,Central,968820.82,352,13,35780.31,575116.32,393704.5,111257.62,3
202512,2000,10,20,MAT-00117,CUST-0038,East,436767.55,181,9,21717.72,232724.29,204043.26,62989.19,2
202307,1000,10,20,MAT-00097,CUST-0031,West,32467.23,60,1,541.12,16692.23,15775.0,1434.46,8
202309,1000,10,10,MAT-00012,CUST-0018,East,570706.29,290,27,53134.72,381998.08,188708.21,79147.38,17
202308,1000,20,10,MAT-00074,CUST-0039,Central,30339.71,15,0,0.0,20349.32,9990.39,3343.98,2
202402,1000,20,20,MAT-00090,CUST-0010,West,55662.23,139,2,800.9,32377.16,23285.07,2998.87,4
202404,2000,10,00,MAT-00116,CUST-0050,Central,150631.41,520,16,4634.81,82943.61,67687.8,1062.74,13
202401,1000,10,10,MAT-00092,CUST-0051,Central,626164.17,455,6,8257.11,348621.71,277542.46,84822.71,20
202511,1000,10,00,MAT-00088,CUST-0002,Central,120285.56,96,1,1252.97,86008.76,34276.8,12373.55,16
202408,2000,10,00,MAT-00075,CUST-0048,South,83630.76,228,17,6235.63,57332.85,26297.91,3307.65,9
202305,2000,20,00,MAT-00020,CUST-0037,West,597261.05,212,1,2817.27,343986.45,253274.6,1253.54,12
202502,2000,20,10,MAT-00059,CUST-0049,South,53160.47,46,0,0.0,35092.71,18067.76,7414.78,19
202509,2000,20,10,MAT-00008,CUST-0020,Central,240753.63,265,12,10902.05,110952.11,129801.52,34860.37,7
202408,1000,10,20,MAT-00054,CUST-0023,West,198959.18,390,24,12243.64,100858.74,98100.44,25263.12,5
202504,1000,10,10,MAT-00019,CUST-0017,West,849889.14,425,41,81989.3,616926.49,232962.65,94190.32,18
202409,2000,10,00,MAT-00087,CUST-0033,South,72272.92,45,4,6424.26,43211.81,29061.11,10692.73,4
202503,1000,10,20,MAT-00040,CUST-0059,South,179949.3,91,3,5932.39,111796.76,68152.54,10264.3,7
202512,2000,10,00,MAT-00093,CUST-0019,South,522928.13,196,7,18676.0,339910.15,183017.98,28604.47,8
202404,2000,10,00,MAT-00104,CUST-0045,West,180383.04,85,7,14855.07,100970.0,79413.04,18086.86,13
202302,2000,20,10,MAT-00111,CUST-0030,Central,1110697.58,404,21,57734.28,687649.14,423048.44,44743.84,15
202502,2000,20,00,MAT-00047,CUST-0016,East,827512.35,582,46,65404.76,585195.14,242317.21,48785.26,20
202509,2000,10,10,MAT-00027,CUST-0058,East,45855.69,85,0,0.0,24563.3,21292.39,152.19,19
202410,2000,10,10,MAT-00024,CUST-0049,East,147384.84,151,12,11712.7,107883.55,39501.29,12727.78,10
202505,1000,10,00,MAT-00002,CUST-0030,South,120183.98,287,3,1256.28,67349.04,52834.94,12933.08,9
202312,2000,10,10,MAT-00007,CUST-0043,South,986157.37,562,26,45622.94,517085.42,469071.95,132726.03,4
202408,2000,20,00,MAT-00092,CUST-0052,West,727635.43,585,6,7462.93,471024.35,256611.08,49977.39,1
202302,1000,20,20,MAT-00106,CUST-0023,South,419466.65,150,14,39150.22,198751.79,220714.86,45924.64,3
202512,2000,20,00,MAT-00027,CUST-0024,South,646014.73,291,16,35519.71,324858.49,321156.24,86163.52,15
202405,2000,20,00,MAT-00015,CUST-0032,West,448986.04,172,16,41766.14,327817.12,121168.92,45574.7,14
202410,1000,10,10,MAT-00060,CUST-0029,West,537075.82,445,29,35000.45,293874.0,243201.82,15169.73,1
202308,2000,10,20,MAT-00106,CUST-0003,South,905656.54,370,4,9790.88,628617.49,277039.05,126669.07,1
202412,2000,10,00,MAT-00004,CUST-0059,West,409748.75,187,14,30676.38,192464.63,217284.12,11450.96,7
202308,2000,10,20,MAT-00039,CUST-0015,South,302613.37,131,12,27720.31,155932.13,146681.24,18065.84,3
202508,1000,10,00,MAT-00016,CUST-0013,East,380426.07,359,11,11656.51,188787.35,191638.72,44256.8,1
202312,2000,10,10,MAT-00017,CUST-0047,East,906466.01,365,15,37252.03,641725.42,264740.59,92851.88,5
202311,1000,20,00,MAT-00090,CUST-0040,West,977818.95,539,30,54424.06,491150.54,486668.41,42143.42,8
202411,1000,10,00,MAT-00055,CUST-0028,West,1058601.9,363,3,8748.78,625488.41,433113.49,14551.23,18
202506,1000,10,10,MAT-00078,CUST-0032,Central,293866.09,128,3,6887.49,203378.18,90487.91,36575.97,13
202303,1000,10,10,MAT-00016,CUST-0010,East,711235.14,367,14,27131.59,523216.62,188018.52,104603.21,18
202512,1000,10,10,MAT-00086,CUST-0051,South,1246454.2,450,16,44318.37,845860.57,400593.63,99865.73,13
202507,1000,20,10,MAT-00097,CUST-0017,West,643692.98,219,4,11756.95,475851.15,167841.83,94830.68,5
202311,1000,10,20,MAT-00038,CUST-0017,South,604928.34,359,9,15165.33,393872.4,211055.94,67198.47,6
202312,2000,20,00,MAT-00049,CUST-0012,South,224377.99,350,15,9616.2,145133.72,79244.27,30298.37,16
202404,1000,10,20,MAT-00008,CUST-0018,East,423967.32,508,42,35052.42,296057.2,127910.12,401.47,11
202403,2000,10,20,MAT-00072,CUST-0021,West,52030.45,78,0,0.0,29428.94,22601.51,3131.92,17
202407,2000,10,20,MAT-00107,CUST-0047,East,441340.87,379,30,34934.63,240155.32,201185.55,18327.71,2
202412,2000,20,20,MAT-00010,CUST-0052,West,81116.1,73,1,1111.18,46920.45,34195.65,8765.16,3
202410,2000,20,10,MAT-00003,CUST-0037,South,169827.49,98,9,15596.4,95577.65,74249.84,25086.05,11
202505,2000,20,00,MAT-00008,CUST-0031,South,9323.34,145,10,642.99,4667.43,4655.91,1365.49,1
202305,2000,10,00,MAT-00094,CUST-0043,West,73096.27,319,27,6186.83,37318.25,35778.02,2671.5,20
202502,2000,20,10,MAT-00005,CUST-0037,South,320804.04,490,30,19641.06,160239.09,160564.95,23605.54,8
202306,1000,10,10,MAT-00084,CUST-0025,Central,45755.92,33,3,4159.63,25245.17,20510.75,3958.63,18
202503,2000,10,20,MAT-00120,CUST-0014,South,1593782.68,590,7,18909.29,1051075.89,542706.79,73816.22,20
202306,2000,20,10,MAT-00025,CUST-0002,South,1142916.64,597,2,3828.87,576609.1,566307.54,21376.41,6
202308,1000,20,00,MAT-00100,CUST-0023,East,323062.67,392,18,14834.51,172785.7,150276.97,31018.08,16
202301,1000,10,00,MAT-00054,CUST-0036,East,297161.02,318,25,23361.72,193040.07,104120.95,19401.28,10
202505,2000,20,00,MAT-00054,CUST-0053,West,462824.98,360,21,26998.12,345814.64,117010.34,17837.15,2
202302,2000,10,10,MAT-00041,CUST-0045,West,25485.99,208,18,2205.52,17119.82,8366.17,3727.52,14
202312,2000,20,00,MAT-00015,CUST-0057,Central,156074.52,371,13,5468.92,102819.34,53255.18,5214.61,2
202412,2000,10,00,MAT-00048,CUST-0023,West,268465.91,546,19,9342.22,154114.91,114351.0,8310.5,8
202306,2000,20,20,MAT-00080,CUST-0055,Central,1348117.89,588,18,41268.92,854055.89,494062.0,70509.45,14
202504,1000,20,10,MAT-00097,CUST-0017,South,680514.28,304,2,4477.07,368986.73,311527.55,26274.44,10
202308,2000,10,20,MAT-00032,CUST-0054,Central,224509.0,269,8,6676.85,131397.74,93111.26,7624.83,14
202405,1000,10,00,MAT-00029,CUST-0004,Central,654616.84,517,13,16460.38,413476.7,241140.14,46840.59,19
202511,2000,10,00,MAT-00021,CUST-0007,South,790540.34,589,55,73819.56,370258.41,420281.93,20554.49,16
202303,2000,20,10,MAT-00116,CUST-0055,East,175401.76,202,10,8683.26,116278.49,59123.27,10860.84,16
202309,1000,10,00,MAT-00002,CUST-0003,East,762947.37,585,9,11737.65,412995.62,349951.75,106305.32,20
202403,1000,10,00,MAT-00115,CUST-0048,South,47619.81,114,7,2924.02,23068.92,24550.89,5241.79,11
202502,2000,20,00,MAT-00043,CUST-0038,East,1408349.78,487,5,14459.44,868407.02,539942.76,90890.13,19
202402,1000,20,20,MAT-00047,CUST-0036,East,564389.44,270,2,4180.66,321117.63,243271.81,18733.83,8
202511,2000,10,00,MAT-00038,CUST-0057,West,203040.35,422,15,7217.07,132224.86,70815.49,4133.86,7
202408,2000,20,00,MAT-00034,CUST-0027,West,7585.69,115,9,593.66,3941.5,3644.19,512.9,14
202509,2000,10,00,MAT-00071,CUST-0051,South,696061.93,326,17,36297.71,500577.06,195484.87,59417.33,13
202304,1000,10,20,MAT-00085,CUST-0032,East,60169.16,297,9,1823.31,31832.42,28336.74,8967.13,7
202409,1000,10,00,MAT-00069,CUST-0051,Central,1080064.52,380,17,48318.68,538963.92,541100.6,132048.7,14
202502,2000,10,10,MAT-00097,CUST-0022,Central,101626.77,168,7,4234.45,49801.48,51825.29,15152.8,1
202309,1000,10,10,MAT-00052,CUST-0037,South,139767.62,225,6,3727.14,63313.09,76454.53,460.53,9
202503,2000,20,00,MAT-00094,CUST-0045,West,1041983.18,443,28,65858.98,583052.14,458931.04,127505.15,14
202310,2000,20,10,MAT-00032,CUST-0058,Central,153098.78,182,5,4206.01,85897.38,67201.4,1287.18,8
202512,2000,20,00,MAT-00031,CUST-0002,West,20785.15,139,12,1794.4,12721.66,8063.49,1429.35,19
202302,1000,20,20,MAT-00021,CUST-0011,Central,123913.37,140,13,11506.24,88514.3,35399.07,1087.15,14
202405,2000,10,10,MAT-00083,CUST-0041,Central,824598.71,333,11,27239.0,473464.78,351133.93,76971.99,9
202304,2000,20,20,MAT-00070,CUST-0015,East,214647.24,456,21,9885.07,140227.21,74420.03,20249.47,17
202305,1000,10,10,MAT-00077,CUST-0003,South,413664.66,356,16,18591.67,280247.4,133417.26,17482.34,17
202310,1000,20,00,MAT-00081,CUST-0013,East,197983.49,83,0,0.0,95016.02,102967.47,2510.52,4
202510,2000,10,00,MAT-00090,CUST-0023,South,715820.84,571,42,52652.32,519302.22,196518.62,65947.58,3
202506,1000,20,10,MAT-00089,CUST-0003,Central,422720.36,235,19,34177.39,234929.6,187790.76,37268.52,20
202405,2000,10,20,MAT-00041,CUST-0048,South,173983.13,117,7,10409.25,87304.57,86678.56,3708.58,13
202405,1000,10,20,MAT-00059,CUST-0012,West,962262.16,374,11,28301.83,476219.75,486042.41,16308.45,13
202409,2000,20,00,MAT-00117,CUST-0013,Central,12480.87,6,1,2080.14,8673.41,3807.46,378.84,10
202408,2000,10,10,MAT-00065,CUST-0054,East,945876.09,525,29,52248.39,687400.87,258475.22,1666.19,1
202311,1000,20,20,MAT-00088,CUST-0025,Central,80871.02,362,28,6255.22,54978.27,25892.75,3799.59,16
202405,1000,20,10,MAT-00082,CUST-0043,West,410658.91,329,31,38694.3,217814.4,192844.51,27864.27,16
202409,1000,10,10,MAT-00073,CUST-0010,West,231298.94,87,2,5317.22,128321.62,102977.32,2904.48,1
202412,1000,10,20,MAT-00037,CUST-0008,West,281738.98,425,42,27842.44,139598.97,142140.01,13428.22,19
202502,1000,20,00,MAT-00060,CUST-0043,Central,314409.65,162,9,17467.2,157741.88,156667.77,29354.37,6
202303,2000,20,00,MAT-00043,CUST-0043,East,48285.35,531,12,1091.19,31416.72,16868.63,2459.96,7
202307,1000,10,00,MAT-00035,CUST-0037,East,495161.25,234,2,4232.15,246149.7,249011.55,60824.77,6
202310,1000,10,00,MAT-00048,CUST-0048,East,256388.89,120,8,17092.59,156781.27,99607.62,33448.37,14
202511,2000,20,10,MAT-00115,CUST-0001,West,186873.16,117,6,9583.24,98789.22,88083.94,15059.18,10
202408,1000,10,00,MAT-00102,CUST-0025,West,1425974.91,519,30,82426.3,854655.79,571319.12,136525.89,8
202409,2000,20,20,MAT-00052,CUST-0019,South,928966.54,413,27,60731.47,634039.39,294927.15,16547.49,5
202402,2000,10,00,MAT-00079,CUST-0010,Central,1094984.4,451,1,2427.9,551558.65,543425.75,31750.38,10
202305,1000,20,00,MAT-00079,CUST-0017,East,102167.94,120,9,7662.6,60859.32,41308.62,7832.4,4
202306,2000,20,00,MAT-00106,CUST-0049,East,500070.65,289,16,27685.57,304069.85,196000.8,48883.48,7
202308,1000,10,00,MAT-00113,CUST-0028,East,57593.29,26,0,0.0,38791.26,18802.03,6101.12,1
